icao24,callsign,time_position,last_contact,last_pos_update,latitude,longitude,baro_altitude,geo_altitude,velocity,true_track,vertical_rate,on_ground,alert,spi,squawk,sensors
a05ab3,UCA4347 ,2026-03-01T16:02:02.000Z,2026-03-01T16:01:57.000Z,2026-03-01T16:01:57.000Z,30.330047607421875,-95.07293701171875,4145.280000000001,4328.16,165.41914622221816,35.12339882578616,7.477760000000001,false,false,false,2470,"[-1408129013,1408045066,-1408132178]"
a05ab3,UCA4347 ,2026-03-01T16:02:17.000Z,2026-03-01T16:02:16.000Z,2026-03-01T16:02:16.000Z,30.350196967690678,-95.05634765625001,4244.34,4427.22,172.71226689258881,35.2996080560542,5.52704,false,false,false,2470,"[-1408129013,1408045066,-1408142157,-1408212049]"
a05ab3,UCA4347 ,2026-03-01T16:02:28.000Z,2026-03-01T16:02:27.000Z,2026-03-01T16:02:27.000Z,30.36807302701271,-95.04217529296875,4312.92,4518.66,178.50094854705839,34.19385436247129,5.20192,false,false,false,2470,"[-1408129013,-1408229462,1408045066,-1408231211,-1408132178]"
a05ab3,UCA4347 ,2026-03-01T16:02:29.000Z,2026-03-01T16:02:27.000Z,2026-03-01T16:02:27.000Z,30.36807302701271,-95.04217529296875,4312.92,4518.66,178.50094854705839,34.19385436247129,5.20192,false,false,false,2470,"[-1408129013,-1408229462,1408045066,-1408231211,-1408132178]"
a05ab3,UCA4347 ,2026-03-01T16:02:32.000Z,2026-03-01T16:02:31.000Z,2026-03-01T16:02:31.000Z,30.37440413135593,-95.0372314453125,4335.780000000001,4541.52,180.3557318037789,34.18867327345879,5.20192,false,false,false,2470,"[-1408129013,-1408229462,62407238,1408045066,-1408231211,-1408132178]"
a05ab3,UCA4347 ,2026-03-01T16:02:53.000Z,2026-03-01T16:02:48.000Z,2026-03-01T16:02:48.000Z,30.397261280124468,-95.01899414062501,4427.22,4632.96,185.81685946175133,34.96602982632769,5.20192,false,false,false,2470,"[-1408129013,1408045066,-1408231211]"
a05ab3,UCA4347 ,2026-03-01T16:02:56.000Z,2026-03-01T16:02:55.000Z,2026-03-01T16:02:53.000Z,30.402754444186968,-95.01448974609372,4450.08,4663.44,187.54570915563744,35.17227598883688,5.20192,false,false,false,2470,"[-1408129013,1408045066,-1408231211,-1408132178]"
a05ab3,UCA4347 ,2026-03-01T16:03:06.000Z,2026-03-01T16:03:05.000Z,2026-03-01T16:03:05.000Z,30.412204548463983,-95.00685424804686,4480.56,4693.92,190.24205894658365,34.979327292361106,5.52704,false,false,false,2470,"[-1408129013,-1408229462,1408045066,-1408142157,-1408132178]"
a05ab3,UCA4347 ,2026-03-01T16:03:18.000Z,2026-03-01T16:03:17.000Z,2026-03-01T16:03:17.000Z,30.437109995696503,-94.9866943359375,4587.24,4762.5,192.391739333034,35.092428909811936,6.502400000000001,false,false,false,2470,"[-1408129013,-1408229462,1408045066]"
a05ab3,UCA4347 ,2026-03-01T16:03:19.000Z,2026-03-01T16:03:17.000Z,2026-03-01T16:03:17.000Z,30.437109995696503,-94.9866943359375,4587.24,4762.5,192.391739333034,35.092428909811936,6.502400000000001,false,false,false,2470,"[-1408129013,-1408229462,1408045066]"
a05ab3,UCA4347 ,2026-03-01T16:03:45.000Z,2026-03-01T16:03:42.000Z,2026-03-01T16:03:35.000Z,30.46122405488612,-94.96702880859374,4709.16,4930.139999999999,196.39636651628052,35.18874313200396,6.827520000000001,false,false,false,2470,"[-1408129013,1408045066,-1408212049]"
a05ab3,UCA4347 ,2026-03-01T16:03:56.000Z,2026-03-01T16:03:55.000Z,2026-03-01T16:03:53.000Z,30.489295054290253,-94.94428710937501,4831.08,5059.68,198.67131929230007,35.08925519984534,6.1772800000000005,false,false,false,2470,"[-1408129013,-1408229462,1408045066,-1408212049,-1408132178]"
a05ab3,UCA4347 ,2026-03-01T16:04:01.000Z,2026-03-01T16:03:55.000Z,2026-03-01T16:03:53.000Z,30.489295054290253,-94.94428710937501,4831.08,5059.68,198.67131929230007,35.08925519984534,6.1772800000000005,false,false,false,2470,"[-1408129013,-1408229462,1408045066,-1408212049,-1408132178]"
a05ab3,UCA4347 ,2026-03-01T16:04:04.000Z,2026-03-01T16:03:55.000Z,2026-03-01T16:03:53.000Z,30.489295054290253,-94.94428710937501,4831.08,5059.68,198.67131929230007,35.08925519984534,6.1772800000000005,false,false,false,2470,"[-1408129013,1408045066,-1408212049]"
a05ab3,UCA4347 ,2026-03-01T16:04:24.000Z,2026-03-01T16:04:21.000Z,2026-03-01T16:04:21.000Z,30.52752685546875,-94.91331212660845,5013.96,5250.18,201.24231307937308,35.1120111844222,8.128,false,false,false,2470,"[-1408129013,62407238,-1408212049,-1408139344,-1408132178]"
a05ab3,UCA4347 ,2026-03-01T16:04:45.000Z,2026-03-01T16:04:44.000Z,2026-03-01T16:04:44.000Z,30.549906067929022,-94.89517822265623,5143.5,5379.72,202.37994190405175,35.06361005657167,8.128,false,false,false,2470,"[-1408129013,-1408229462,-1408212049,-1408132178]"
a05ab3,UCA4347 ,2026-03-01T16:05:03.000Z,2026-03-01T16:05:02.000Z,2026-03-01T16:05:02.000Z,30.593124389648438,-94.86128863166363,5379.72,5631.18,201.78012557434587,32.71767241863934,7.80288,false,false,false,2470,"[-1408129013,62407238,-1408212049]"
a05ab3,UCA4347 ,2026-03-01T16:05:11.000Z,2026-03-01T16:05:10.000Z,2026-03-01T16:05:10.000Z,30.605300903320312,-94.85218721277573,5448.3,5692.14,202.05864605154017,32.84040427147348,8.128,false,false,false,2470,"[-1408129013,-1408229462,62407238,-1408212049,-1408132178]"
a05ab3,UCA4347 ,2026-03-01T16:05:12.000Z,2026-03-01T16:05:11.000Z,2026-03-01T16:05:11.000Z,30.605300903320312,-94.85218721277573,5448.3,5699.76,201.04495214950214,33.202109590312595,8.128,false,false,false,2470,"[-1408129013,-1408229462,62407238,-1408212049,-1408132178]"
a05ab3,UCA4347 ,2026-03-01T16:05:49.000Z,2026-03-01T16:05:47.000Z,2026-03-01T16:05:47.000Z,30.660873413085938,-94.80958826401655,5730.240000000001,5989.320000000001,202.61845694487462,33.084852928734975,6.502400000000001,false,true,true,2054,"[-1408129013,-1408212049]"
a05ab3,UCA4347 ,2026-03-01T16:05:50.000Z,2026-03-01T16:05:49.000Z,2026-03-01T16:05:47.000Z,30.660873413085938,-94.80958826401655,5730.240000000001,5981.700000000001,200.614691929504,33.28256529679662,8.45312,false,true,true,2054,"[-1408129013,-1408229462,-1408212049]"
a05ab3,UCA4347 ,2026-03-01T16:05:58.000Z,2026-03-01T16:05:57.000Z,2026-03-01T16:05:57.000Z,30.674666065280718,-94.79915771484372,5783.58,6042.66,203.61197006599195,33.248412941726684,6.1772800000000005,false,true,true,2054,"[-1408129013,-1408229462,62407238,-1408212049,-1408132178]"
a05ab3,UCA4347 ,2026-03-01T16:06:21.000Z,2026-03-01T16:06:20.000Z,2026-03-01T16:06:20.000Z,30.69426455740201,-94.78394165039063,5859.780000000001,6126.4800000000005,205.8971734890484,34.206231755744625,6.1772800000000005,false,true,true,2054,"[-1408129013,-1408212049]"
a05ab3,UCA4347 ,2026-03-01T16:06:23.000Z,2026-03-01T16:06:21.000Z,2026-03-01T16:06:21.000Z,30.712417602539062,-94.76968204273896,5935.9800000000005,6202.68,206.74889296504566,34.04593735660166,6.1772800000000005,false,true,true,2054,"[-1408129013,-1408212049,-1408132178]"
a05ab3,UCA4347 ,2026-03-01T16:06:24.000Z,2026-03-01T16:06:23.000Z,2026-03-01T16:06:21.000Z,30.712417602539062,-94.76968204273896,5935.9800000000005,6202.68,205.8971734890484,34.206231755744625,5.8521600000000005,false,true,true,2054,"[-1408129013,-1408212049,-1408132178]"
a05ab3,UCA4347 ,2026-03-01T16:06:27.000Z,2026-03-01T16:06:24.000Z,2026-03-01T16:06:21.000Z,30.712417602539062,-94.76968204273896,5935.9800000000005,6202.68,207.3158257931978,33.76893296758749,5.8521600000000005,false,true,true,2054,"[-1408129013,-1408212049,-1408132178]"
a05ab3,UCA4347 ,2026-03-01T16:06:36.000Z,2026-03-01T16:06:35.000Z,2026-03-01T16:06:35.000Z,30.735230526681672,-94.75230102539064,6027.42,6278.88,207.6226132648608,32.86317554470773,7.477760000000001,false,true,true,2054,"[-1408129013,-1408229462,-1408212049,-1408132178]"
a05ab3,UCA4347 ,2026-03-01T16:07:25.000Z,2026-03-01T16:07:22.000Z,2026-03-01T16:07:20.000Z,30.80417439088983,-94.69901733398439,6530.34,6789.420000000001,202.61845694487462,33.084852928734975,11.3792,false,true,true,2054,"[-1408129013,-1408229462,-1408212049]"
a05ab3,UCA4347 ,2026-03-01T16:07:51.000Z,2026-03-01T16:07:48.000Z,2026-03-01T16:07:48.000Z,30.845698987023304,-94.6669921875,6858,7155.18,199.05858670125284,34.47039190084944,11.704320000000001,false,true,true,2054,"[-1408129013,62407238,-1408212049,-1408139344,-1408132178]"
a05ab3,UCA4347 ,2026-03-01T16:08:08.000Z,2026-03-01T16:08:06.000Z,2026-03-01T16:08:06.000Z,30.8726806640625,-94.64613970588238,7071.360000000001,7376.160000000001,196.3424573811439,33.02386755579665,11.704320000000001,false,true,true,2054,"[-1408129013,-1408229462,-1408237160,-1408212049,-1408132178]"
a05ab3,UCA4347 ,2026-03-01T16:08:10.000Z,2026-03-01T16:08:06.000Z,2026-03-01T16:08:06.000Z,30.8726806640625,-94.64613970588238,7071.360000000001,7376.160000000001,196.3424573811439,33.02386755579665,11.704320000000001,false,true,true,2054,"[-1408129013,-1408229462,-1408237160,-1408212049,-1408132178]"
a05ab3,UCA4347 ,2026-03-01T16:08:17.000Z,2026-03-01T16:08:14.000Z,2026-03-01T16:08:14.000Z,30.88359250860699,-94.63787841796875,7162.8,7459.9800000000005,195.76267254519817,33.31422596664764,11.704320000000001,false,true,true,2054,"[-1408129013,-1408212049,-1408132178]"
a05ab3,UCA4347 ,2026-03-01T16:08:21.000Z,2026-03-01T16:08:17.000Z,2026-03-01T16:08:14.000Z,30.88359250860699,-94.63787841796875,7162.8,7467.6,195.48059703123675,33.18821951757045,11.704320000000001,false,true,true,2054,"[-1408129013,-1408237160,-1408212049,-1408132178]"
a05ab3,UCA4347 ,2026-03-01T16:08:57.000Z,2026-03-01T16:08:56.000Z,2026-03-01T16:08:56.000Z,30.94281005859375,-94.59196202895221,7551.42,7795.26,194.76852557612068,33.144409932564066,7.80288,false,true,true,2054,"[-1408129013,-1408229462,-1408212049,-1408139344]"
a05ab3,UCA4347 ,2026-03-01T16:09:01.000Z,2026-03-01T16:08:59.000Z,2026-03-01T16:08:59.000Z,30.947788044557733,-94.58805541992189,7581.900000000001,7886.700000000001,196.19817763636644,34.315087599997284,7.152640000000001,false,true,true,2054,"[-1408129013,-1408237160,-1408212049,-1408139344]"
a05ab3,UCA4347 ,2026-03-01T16:09:14.000Z,2026-03-01T16:09:07.000Z,2026-03-01T16:09:03.000Z,30.952651977539062,-94.58388384650738,7604.76,7924.8,198.1377576486477,39.31034065021085,6.827520000000001,false,true,true,2054,"[-1408129013,-1408212049,-1408139344]"
a05ab3,UCA4347 ,2026-03-01T16:09:28.000Z,2026-03-01T16:09:22.000Z,2026-03-01T16:09:22.000Z,30.980234954316735,-94.552734375,7757.160000000001,8077.200000000001,202.6282529267798,50.97670238291712,7.152640000000001,false,true,true,2054,"[-1408129013,-1408237160,-1408212049,-1408139344,-1408132178]"
a05ab3,UCA4347 ,2026-03-01T16:09:45.000Z,2026-03-01T16:09:44.000Z,2026-03-01T16:09:39.000Z,30.996139526367188,-94.52340518727021,7886.700000000001,8206.740000000002,203.5144625322338,53.0142364261275,7.477760000000001,false,true,true,2054,"[-1408129013,-1408229462,-1408237160,62407238,-1408212049,-1408139344]"
a05ab3,UCA4347 ,2026-03-01T16:09:47.000Z,2026-03-01T16:09:44.000Z,2026-03-01T16:09:39.000Z,30.996139526367188,-94.52340518727021,7886.700000000001,8206.740000000002,203.5144625322338,53.0142364261275,7.477760000000001,false,true,true,2054,"[-1408129013,-1408229462,-1408237160,62407238,-1408212049,-1408139344]"
a05ab3,UCA4347 ,2026-03-01T16:09:50.000Z,2026-03-01T16:09:48.000Z,2026-03-01T16:09:48.000Z,31.003005981445312,-94.5040714039522,7962.900000000001,8275.320000000002,208.9947349046471,69.69155816347806,8.45312,false,true,true,2054,"[-1408129013,-1408237160,-1408212049,-1408139344]"
a05ab3,UCA4347 ,2026-03-01T16:09:57.000Z,2026-03-01T16:09:56.000Z,2026-03-01T16:09:56.000Z,31.007354736328125,-94.49012307559741,8016.240000000001,8313.42,208.94787609188003,70.13741450251774,7.80288,false,true,true,2054,"[-1408129013,-1408237160,-1408212049,-1408139344]"
a05ab3,UCA4347 ,2026-03-01T16:10:11.000Z,2026-03-01T16:10:09.000Z,2026-03-01T16:10:09.000Z,31.014541625976562,-94.46793500114893,8077.200000000001,8404.86,209.71781475495902,69.16430490468483,6.1772800000000005,false,true,true,2054,"[-1408129013,-1408237160,-1408212049,-1408139344,-1408132178]"
a05ab3,UCA4347 ,2026-03-01T16:10:13.000Z,2026-03-01T16:10:09.000Z,2026-03-01T16:10:09.000Z,31.014541625976562,-94.46793500114893,8077.200000000001,8404.86,209.71781475495902,69.16430490468483,6.1772800000000005,false,true,true,2054,"[-1408129013,-1408237160,-1408212049,-1408139344,-1408132178]"
a05ab3,UCA4347 ,2026-03-01T16:10:52.000Z,2026-03-01T16:10:51.000Z,2026-03-01T16:10:51.000Z,31.044896012645655,-94.37239379882811,8229.6,8557.26,220.4331009958075,69.36570328644059,0.65024,false,true,true,2054,"[-1408129013,-1408212049]"
a05ab3,UCA4347 ,2026-03-01T16:10:54.000Z,2026-03-01T16:10:53.000Z,2026-03-01T16:10:51.000Z,31.044896012645655,-94.37239379882811,8229.6,8557.26,220.91461716197975,69.41272241528267,0.32512,false,true,true,2054,"[-1408129013,-1408237160,-1408212049]"
a05ab3,UCA4347 ,2026-03-01T16:11:02.000Z,2026-03-01T16:11:01.000Z,2026-03-01T16:11:01.000Z,31.04880640062235,-94.36025390624997,8237.220000000001,8564.880000000001,222.6633443829983,69.72283955231053,0,false,true,true,2054,"[-1408129013,-1408229462,-1408237160]"
a05ab3,UCA4347 ,2026-03-01T16:11:08.000Z,2026-03-01T16:11:06.000Z,2026-03-01T16:11:03.000Z,31.052949549788135,-94.34707031249997,8237.220000000001,8564.880000000001,222.18085347210368,69.67686317033707,0,false,true,true,2054,"[-1408129013,-1408229462,-1408237160,-1408212049]"
a05ab3,UCA4347 ,2026-03-01T16:11:15.000Z,2026-03-01T16:11:06.000Z,2026-03-01T16:11:03.000Z,31.052949549788135,-94.34707031249997,8237.220000000001,8564.880000000001,222.18085347210368,69.67686317033707,0,false,true,true,2054,"[-1408129013,-1408229462,-1408212049]"
a05ab3,UCA4347 ,2026-03-01T16:11:23.000Z,2026-03-01T16:11:18.000Z,2026-03-01T16:11:16.000Z,31.061794474973517,-94.31856079101561,8229.6,8557.26,228.2021628739504,69.6858352622639,0,false,true,true,2054,"[-1408129013,-1408237160,-1408212049]"
a05ab3,UCA4347 ,2026-03-01T16:11:24.000Z,2026-03-01T16:11:18.000Z,2026-03-01T16:11:16.000Z,31.061794474973517,-94.31856079101561,8229.6,8557.26,228.2021628739504,69.6858352622639,0,false,true,true,2054,"[-1408129013,-1408237160,-1408212049]"
a05ab3,UCA4347 ,2026-03-01T16:11:26.000Z,2026-03-01T16:11:18.000Z,2026-03-01T16:11:16.000Z,31.061794474973517,-94.31856079101561,8229.6,8557.26,228.2021628739504,69.6858352622639,0,false,true,true,2054,"[-1408129013,-1408237160,-1408212049]"
a05ab3,UCA4347 ,2026-03-01T16:11:27.000Z,2026-03-01T16:11:18.000Z,2026-03-01T16:11:16.000Z,31.061794474973517,-94.31856079101561,8229.6,8557.26,228.2021628739504,69.6858352622639,0,false,true,true,2054,"[-1408129013,-1408237160,-1408212049]"
a05ab3,UCA4347 ,2026-03-01T16:11:38.000Z,2026-03-01T16:11:33.000Z,2026-03-01T16:11:30.000Z,31.07171630859375,-94.28752225988052,8229.6,8557.26,229.52505823071292,69.53413694022488,0,false,true,true,2054,"[-1408129013,-1408212049]"
a05ab3,UCA4347 ,2026-03-01T16:11:41.000Z,2026-03-01T16:11:33.000Z,2026-03-01T16:11:30.000Z,31.07171630859375,-94.28752225988052,8229.6,8557.26,229.52505823071292,69.53413694022488,0,false,true,true,2054,"[-1408129013,-1408212049]"
a05ab3,UCA4347 ,2026-03-01T16:12:06.000Z,2026-03-01T16:12:05.000Z,2026-03-01T16:12:01.000Z,31.094101728019066,-94.21589355468751,8229.6,8557.26,236.28609489881237,70.14478563067895,0.32512,false,true,true,2054,"[-1408129013,-1408212049]"
a05ab3,UCA4347 ,2026-03-01T16:12:08.000Z,2026-03-01T16:12:05.000Z,2026-03-01T16:12:01.000Z,31.094101728019066,-94.21589355468751,8229.6,8557.26,236.28609489881237,70.14478563067895,0.32512,false,true,true,2054,"[-1408129013,-1408212049]"
a05ab3,UCA4347 ,2026-03-01T16:12:11.000Z,2026-03-01T16:12:05.000Z,2026-03-01T16:12:01.000Z,31.094101728019066,-94.21589355468751,8229.6,8557.26,236.28609489881237,70.14478563067895,0.32512,false,true,true,2054,"[-1408129013,-1408212049]"
a05ab3,UCA4347 ,2026-03-01T16:12:27.000Z,2026-03-01T16:12:13.000Z,2026-03-01T16:12:01.000Z,31.094101728019066,-94.21589355468751,8229.6,8557.26,239.40667333922502,69.89066835567692,0.32512,false,true,true,2054,[-1408237160]
a05ab3,UCA4347 ,2026-03-01T16:12:40.000Z,2026-03-01T16:12:34.000Z,2026-03-01T16:12:34.000Z,31.118865966796875,-94.13672952090991,8229.6,8557.26,243.37333802983122,69.45812988638984,0,false,true,true,2054,[-1408129013]
a05ab3,UCA4347 ,2026-03-01T16:13:19.000Z,2026-03-01T16:12:59.000Z,2026-03-01T16:12:59.000Z,31.137069443524894,-94.07834472656248,8229.6,8549.640000000001,246.98134441604418,70.65926451696735,0.32512,false,true,true,2054,[]
a05ab3,UCA4347 ,2026-03-01T16:13:30.000Z,2026-03-01T16:13:27.000Z,2026-03-01T16:13:27.000Z,31.159228308726163,-94.00808715820312,8229.6,8549.640000000001,249.0355338334878,69.69330621178923,-0.32512,false,true,true,2054,[-1408129013]
a05ab3,UCA4347 ,2026-03-01T16:14:14.000Z,2026-03-01T16:13:36.000Z,2026-03-01T16:13:27.000Z,31.159228308726163,-94.00808715820312,8229.6,8549.640000000001,249.92026267817718,70.52071253157541,-0.32512,false,true,true,2054,[]
a05ab3,UCA4347 ,2026-03-01T16:14:50.000Z,2026-03-01T16:14:49.000Z,2026-03-01T16:14:49.000Z,31.207316770391948,-93.85323486328122,8229.6,8549.640000000001,250.23457266899766,70.6710413528567,0,false,true,true,2054,"[-1408129013,-1408229462]"
a05ab3,UCA4347 ,2026-03-01T16:15:24.000Z,2026-03-01T16:15:04.000Z,2026-03-01T16:15:04.000Z,31.196656307931672,-93.8880615234375,8229.6,8549.640000000001,250.23457266899766,70.6710413528567,0,false,true,true,2054,[]
a05ab3,UCA4347 ,2026-03-01T16:15:54.000Z,2026-03-01T16:15:33.000Z,2026-03-01T16:15:04.000Z,31.196656307931672,-93.8880615234375,8229.6,8549.640000000001,251.06184901074076,70.48832920384952,0.32512,false,true,true,2054,[]
a05ab3,UCA4347 ,2026-03-01T16:16:10.000Z,2026-03-01T16:15:33.000Z,2026-03-01T16:15:04.000Z,31.196656307931672,-93.8880615234375,8229.6,8549.640000000001,251.06184901074076,70.48832920384952,0.32512,false,true,true,2054,[]
a05ab3,UCA4347 ,2026-03-01T16:16:14.000Z,2026-03-01T16:15:33.000Z,2026-03-01T16:15:04.000Z,31.196656307931672,-93.8880615234375,8229.6,8549.640000000001,251.06184901074076,70.48832920384952,0.32512,false,true,true,2054,[]
a05ab3,UCA4347 ,2026-03-01T16:16:57.000Z,2026-03-01T16:16:54.000Z,2026-03-01T16:16:54.000Z,31.26322600801112,-93.67234497070314,8229.6,8549.640000000001,250.92319220675722,70.22764946742859,0,false,true,true,2054,"[-1408229462,-1408237160]"
a05ab3,UCA4347 ,2026-03-01T16:16:58.000Z,2026-03-01T16:16:54.000Z,2026-03-01T16:16:54.000Z,31.26322600801112,-93.67234497070314,8229.6,8549.640000000001,250.92319220675722,70.22764946742859,0,false,true,true,2054,"[-1408229462,-1408237160]"
a05ab3,UCA4347 ,2026-03-01T16:17:13.000Z,2026-03-01T16:16:54.000Z,2026-03-01T16:16:54.000Z,31.26322600801112,-93.67234497070314,8229.6,8549.640000000001,250.92319220675722,70.22764946742859,0,false,true,true,2054,[]
a05ab3,UCA4347 ,2026-03-01T16:17:21.000Z,2026-03-01T16:16:54.000Z,2026-03-01T16:16:54.000Z,31.26322600801112,-93.67234497070314,8229.6,8549.640000000001,250.92319220675722,70.22764946742859,0,false,true,true,2054,[]
a05ab3,UCA4347 ,2026-03-01T16:17:29.000Z,2026-03-01T16:16:54.000Z,2026-03-01T16:16:54.000Z,31.26322600801112,-93.67234497070314,8229.6,8549.640000000001,250.92319220675722,70.22764946742859,0,false,true,true,2054,[]
a05ab3,UCA4347 ,2026-03-01T16:18:56.000Z,2026-03-01T16:18:52.000Z,2026-03-01T16:18:52.000Z,31.3040771484375,-93.54029038373164,8229.6,8549.640000000001,250.84038336052444,69.59523949236475,0,false,true,true,2054,[-1408129013]
a05ab3,UCA4347 ,2026-03-01T16:19:16.000Z,2026-03-01T16:18:52.000Z,2026-03-01T16:18:52.000Z,31.3040771484375,-93.54029038373164,8229.6,8549.640000000001,250.84038336052444,69.59523949236475,0,false,true,true,2054,[]
a05ab3,UCA4347 ,2026-03-01T16:19:37.000Z,2026-03-01T16:19:33.000Z,2026-03-01T16:18:52.000Z,31.3040771484375,-93.54029038373164,8229.6,8542.02,238.36306275524774,70.58740239204813,-0.32512,false,true,true,2054,[-1408237160]
a05ab3,UCA4347 ,2026-03-01T16:20:13.000Z,2026-03-01T16:19:33.000Z,2026-03-01T16:18:52.000Z,31.3040771484375,-93.54029038373164,8229.6,8542.02,238.36306275524774,70.58740239204813,-0.32512,false,true,true,2054,[]
a05ab3,UCA4347 ,2026-03-01T16:21:20.000Z,2026-03-01T16:21:04.000Z,2026-03-01T16:21:04.000Z,31.350540161132812,-93.3889590992647,8229.6,8542.02,240.96031966595226,70.67531653796998,0.65024,false,true,true,2054,[]
a05ab3,UCA4347 ,2026-03-01T16:22:22.000Z,2026-03-01T16:22:04.000Z,2026-03-01T16:22:04.000Z,31.534299688824152,-92.78256225585938,8229.6,8542.02,245.69750651140438,70.42687416958981,0.32512,false,true,true,2054,[]
a05ab3,UCA4347 ,2026-03-01T16:22:23.000Z,2026-03-01T16:22:04.000Z,2026-03-01T16:22:04.000Z,31.534299688824152,-92.78256225585938,8229.6,8542.02,245.69750651140438,70.42687416958981,0.32512,false,true,true,2054,[]
a05ab3,UCA4347 ,2026-03-01T16:22:33.000Z,2026-03-01T16:22:04.000Z,2026-03-01T16:22:04.000Z,31.534299688824152,-92.78256225585938,8229.6,8542.02,245.69750651140438,70.42687416958981,0.32512,false,true,true,2054,[]
a05ab3,UCA4347 ,2026-03-01T16:22:59.000Z,2026-03-01T16:22:40.000Z,2026-03-01T16:22:40.000Z,31.393936157226562,-93.24619068818936,8229.6,8549.640000000001,240.19742391813088,70.09028235957362,-2.27584,false,true,true,2054,[]
a05ab3,UCA4347 ,2026-03-01T16:23:02.000Z,2026-03-01T16:22:40.000Z,2026-03-01T16:22:40.000Z,31.393936157226562,-93.24619068818936,8229.6,8549.640000000001,240.19742391813088,70.09028235957362,-2.27584,false,true,true,2054,[]
a05ab3,UCA4347 ,2026-03-01T16:23:07.000Z,2026-03-01T16:23:03.000Z,2026-03-01T16:23:03.000Z,31.575638076006353,-92.64539794921876,8229.6,8542.02,249.3907570873913,71.60242610948917,-0.32512,false,true,true,2054,[-1408232252]
a05ab3,UCA4347 ,2026-03-01T16:23:15.000Z,2026-03-01T16:23:03.000Z,2026-03-01T16:23:03.000Z,31.575638076006353,-92.64539794921876,8229.6,8542.02,249.3907570873913,71.60242610948917,-0.32512,false,true,true,2054,[-1408232252]
a05ab3,UCA4347 ,2026-03-01T16:23:52.000Z,2026-03-01T16:23:03.000Z,2026-03-01T16:23:03.000Z,31.575638076006353,-92.64539794921876,8229.6,8542.02,249.3907570873913,71.60242610948917,-0.32512,false,true,true,2054,[]
a05ab3,UCA4347 ,2026-03-01T16:24:15.000Z,2026-03-01T16:23:58.000Z,2026-03-01T16:23:58.000Z,31.62615966796875,-92.47445499195771,8229.6,8534.4,251.71876868810102,70.41706702697292,0,false,true,true,2054,[]
a05ab3,UCA4347 ,2026-03-01T16:24:24.000Z,2026-03-01T16:23:58.000Z,2026-03-01T16:23:58.000Z,31.62615966796875,-92.47445499195771,8229.6,8534.4,251.71876868810102,70.41706702697292,0,false,true,true,2054,[]
a05ab3,UCA4347 ,2026-03-01T16:24:26.000Z,2026-03-01T16:23:58.000Z,2026-03-01T16:23:58.000Z,31.62615966796875,-92.47445499195771,8229.6,8534.4,251.71876868810102,70.41706702697292,0,false,true,true,2054,[]
a05ab3,UCA4347 ,2026-03-01T16:24:44.000Z,2026-03-01T16:23:58.000Z,2026-03-01T16:23:58.000Z,31.62615966796875,-92.47445499195771,8229.6,8534.4,251.71876868810102,70.41706702697292,0,false,true,true,2054,[]
a05ab3,UCA4347 ,2026-03-01T16:24:55.000Z,2026-03-01T16:24:53.000Z,2026-03-01T16:24:53.000Z,31.657802775754767,-92.36766357421874,8229.6,8534.4,252.24023979251558,70.08677852038913,0.32512,false,true,true,2054,[-1408232252]
a05ab3,UCA4347 ,2026-03-01T16:24:57.000Z,2026-03-01T16:24:53.000Z,2026-03-01T16:24:53.000Z,31.657802775754767,-92.36766357421874,8229.6,8534.4,252.24023979251558,70.08677852038913,0.32512,false,true,true,2054,[-1408232252]
a05ab3,UCA4347 ,2026-03-01T16:25:03.000Z,2026-03-01T16:24:53.000Z,2026-03-01T16:24:53.000Z,31.657802775754767,-92.36766357421874,8229.6,8534.4,252.24023979251558,70.08677852038913,0.32512,false,true,true,2054,[-1408232252]
a05ab3,UCA4347 ,2026-03-01T16:25:06.000Z,2026-03-01T16:25:05.000Z,2026-03-01T16:25:05.000Z,31.469375610351562,-92.99845975988052,8229.6,8542.02,238.19257194320187,70.70411382776727,0.32512,false,true,true,2054,"[-1408129013,-1408232252]"
a05ab3,UCA4347 ,2026-03-01T16:25:07.000Z,2026-03-01T16:25:06.000Z,2026-03-01T16:25:06.000Z,31.474619719941735,-92.98092041015622,8229.6,8542.02,238.19257194320187,70.70411382776727,0,false,true,true,2054,"[-1408129013,-1408232252]"
a05ab3,UCA4347 ,2026-03-01T16:25:18.000Z,2026-03-01T16:25:07.000Z,2026-03-01T16:25:06.000Z,31.474619719941735,-92.98092041015622,8229.6,8542.02,238.57115169690607,70.08022703319644,-0.32512,false,true,true,2054,[-1408129013]
a05ab3,UCA4347 ,2026-03-01T16:25:39.000Z,2026-03-01T16:25:07.000Z,2026-03-01T16:25:06.000Z,31.474619719941735,-92.98092041015622,8229.6,8542.02,238.57115169690607,70.08022703319644,-0.32512,false,true,true,2054,[]
a05ab3,UCA4347 ,2026-03-01T16:25:42.000Z,2026-03-01T16:25:07.000Z,2026-03-01T16:25:06.000Z,31.474619719941735,-92.98092041015622,8229.6,8542.02,238.57115169690607,70.08022703319644,-0.32512,false,true,true,2054,[]
a05ab3,UCA4347 ,2026-03-01T16:26:02.000Z,2026-03-01T16:25:49.000Z,2026-03-01T16:25:49.000Z,31.7080078125,-92.1987735523897,7901.9400000000005,8206.74,246.4637796968155,71.75414547242175,-7.80288,false,true,true,2054,[-1408232252]
a05ab3,UCA4347 ,2026-03-01T16:26:38.000Z,2026-03-01T16:25:49.000Z,2026-03-01T16:25:49.000Z,31.7080078125,-92.1987735523897,7901.9400000000005,8206.74,246.4637796968155,71.75414547242175,-7.80288,false,true,true,2054,[]
a05ab3,UCA4347 ,2026-03-01T16:26:40.000Z,2026-03-01T16:25:49.000Z,2026-03-01T16:25:49.000Z,31.7080078125,-92.1987735523897,7901.9400000000005,8206.74,246.4637796968155,71.75414547242175,-7.80288,false,true,true,2054,[]
